start	end	text
0	4500	Imagine, right, someone hands you this massive, like, 200-page manuscript.
4680	5540	Oh, wow. Okay.
5680	12600	Yeah, and you open it up, and it is just the most impenetrable, rigorous mathematics you have ever seen in your life.
12860	23420	I mean, we are talking pages completely dense with Greek letters, subscripts, formal logic proofs, set theory-constrained equations, the whole nine yards.
23540	24840	That sounds light and breezy.
24840	35880	Right, totally. But then you turn to the very last page, and the author points to this single final terminal variable in an equation and basically says, you know, there it is.
36080	38420	I have mathematically proven the existence of God.
38520	43580	I mean, honestly, my immediate reaction, and I think the reaction for most people, would be extreme skepticism.
43660	44220	Oh, absolutely.
44560	52440	You'd probably roll your eyes and assume you were holding, I don't know, the work of some fringe zealot who's just trying to dress up their theology in the language of theoretical physics, you know.
52440	54780	Which happens. But welcome to the deep dive.
54840	65620	Because today we are immersing you in what is genuinely one of the most intellectually dizzying, brilliant, and honestly utterly surprising pieces of source material we've ever encountered.
66060	66560	It really is.
66620	69420	It's this actively evolving mathematical monograph.
70080	74580	Currently it sits at about 208 pages, though there's a very detailed blueprint to expand it to 400.
74580	81180	And the title of this weighty tome is, quite literally, Mathematical Proof for the Existence of God.
81280	88000	But, and this is a massive, but, before you form an opinion, we really need to reveal the central twist here.
88100	89140	Yes. Lay it on them.
89140	93060	This text is not religious, like, at all.
93200	97100	It is not an actual attempt to convert anyone to any faith anywhere.
97420	100120	Yeah, the author is fiercely explicit about this, right?
100200	103780	Like, right in the preface and then repeatedly throughout the entire text,
104020	107340	they make it just abundantly clear that they do not believe a mathematical object,
107400	111700	no matter how elegantly defined it is or how rigorously proven is actually a deity.
111700	118360	Exactly. This entire monograph is written in the grand tradition of Jonathan Swift's Modest Proposal.
118620	121680	It is a towering work of philosophical satire.
121820	125060	The author is using the most rigorous language available to human beings
125060	128200	to expose a fundamental flaw in how we all think.
128380	134300	So our mission for this deep dive today is to explore exactly how this author uses heavy-duty mathematics.
135280	141640	I mean, we will be getting into some intense concepts like distinction spaces, repair costs, constraint systems.
141740	142680	Oh, yeah. We're going deep.
142820	148300	But we're doing it to isolate the precise microsecond where objective formal logic ends
148300	150700	and human leaps of faith begin.
151080	153160	Because the goal isn't theology here.
153240	156740	The goal is to see how we all process complex information.
157660	160360	You know, how we artificially construct our own realities
160360	165020	and just how dangerously easy it is to be fooled by fancy jargon.
165020	167120	It's an X-ray of human argumentation.
167220	169480	That's really what it is underneath the satirical surface.
169680	170200	I love that phrase.
170200	174620	The author is meticulously constructing an entire universe from mathematical scratch
174620	177900	just to prove a point about how easily we deceive ourselves
177900	182780	when we mistake our own definitions for universal truth.
182920	184100	Okay, let's unpack this.
184200	184400	Okay.
184480	187500	Because to understand why this author is going through the agonizing trouble
187500	189240	of building a universe from the bottom up,
189700	191860	we first have to look at what they're trying to demolish.
191940	192920	Right, the teardown phase.
193260	193740	Exactly.
194240	195960	Chapters one and two of our source material
195960	200120	basically take a sledgehammer to the history of historical proofs of God.
200300	204720	But they do it by establishing this one foundational rule for the entire book.
204960	210760	And that's the strict, impermeable wall between a formal system and an interpretation.
211260	212160	That is crucial.
212380	212720	It is.
212720	218320	And I've always thought of a formal system like, well, like the raw code of a video game
218320	219720	before any of the graphics are applied.
219840	220960	Oh, that's a good way to look at it.
221060	223640	Yeah, like it's just geometry and collision rules.
223780	224500	There's no Mario.
224640	225440	There's no Goomba.
225640	227720	It's just hitboxes interacting.
227980	230680	That is a highly accurate way to visualize it, honestly.
231240	233200	A formal system is purely mechanical.
233460	235260	It really only consists of three things.
235260	237340	You have a defined language or set of symbols.
237540	239120	You have a starting set of axioms.
239660	243800	And you have strict rules for how you can derive new statements from those axioms.
244140	244240	Right.
244420	247480	The system itself does not know or care what the symbols represent.
248160	251540	I mean, you can use a formal system to map the behavior of prime numbers
251540	254880	or, you know, the rotations of a hypercube in four dimensions.
254940	256000	It's totally agnostic.
256520	256960	Completely.
257620	262260	A theorem in this system is simply a string of symbols you are allowed to write down
262260	265180	if and only if you follow the rules perfectly.
265900	272040	So it's completely devoid of meaning until we actually project meaning onto it.
272120	272320	Right.
272480	274660	And that projection, that is the interpretation.
274940	278500	The interpretation is the exact moment you point to the variable X and you say,
278600	284200	OK, this represents the concept of justice or this represents a hydrogen atom.
284340	285340	Which is where the trouble starts.
285600	286080	Exactly.
286580	291240	Mathematics is incredibly powerful because formal systems are portable, right?
291240	294840	The math works regardless of the domain you apply it to.
295400	300080	But the author's central thesis is that this portability is a massive double-edged sword.
300420	300880	How so?
301080	304280	Well, if you hand someone a perfectly valid mathematical theorem
304280	308640	and you give the variables highly suggestive, emotionally loaded names.
308720	309300	Oh, I see.
309400	312500	The reader's brain will automatically supply a real-world interpretation
312500	314660	that the math itself never actually earned.
314940	317840	It's like the math becomes a Trojan horse for an unproven philosophy.
317840	318960	Precisely.
319460	323260	The author argues that every single ontological argument in history,
323580	325880	every attempt to prove God through pure logic,
326100	331660	is really just a dispute about interpretation wearing a fake mustache to look like a math proof.
331780	333960	That is hilarious and so true.
334040	337860	Let's actually dig into the specific historical examples the book tears down
337860	339420	because they are fascinating.
339780	341780	Starting with kind of the granddaddy of them all,
341900	345300	which is Anselm's ontological argument from way back in the 11th century.
345400	345640	Right.
345780	346840	Anselm of Canterbury.
346840	352400	So Anselm famously defines God as that than which nothing greater can be conceived.
352620	352820	Yeah.
353060	356280	And the architecture of Anselm's argument is deceptively simple.
356760	361380	He argues that, well, we can conceive of a maximally great being in our minds, right?
361440	362200	We can imagine it.
362380	362480	Sure.
362660	365680	Furthermore, he states it is inherently greater to exist in reality
365680	368920	than to exist solely as a concept in someone's imagination.
369160	369860	Okay, I'm following.
370020	373540	Therefore, if this maximally great being only existed in our minds,
373540	379100	it wouldn't be maximally great because we could conceive of something greater one that actually exists in the real world.
379100	381260	So the conclusion naturally pops out.
381680	383920	The being must exist in reality.
384440	387660	The logic loop feels so airtight when you first hear it.
388020	393140	Like if you accept the setup, the conclusion mechanically just boom pops out the other side.
393240	395240	The formal derivation is indeed valid.
395400	399100	Like the mechanism connecting the premises to the conclusion actually works.
399100	400560	But there's a trap.
400820	401580	A massive trap.
401860	410020	The trap Kant warned about centuries later, and the exact flaw this book highlights is entirely embedded in the premises themselves.
410860	414900	Anselm smuggles a huge unproven assumption into the system.
415040	415480	Which is what?
415700	420120	The idea that existence is a property that contributes to greatness.
420440	420640	Right.
420820	424940	Kant's famous objection that existence is not a predicate.
425200	425640	Exactly.
425640	429480	Like you can't just take a laundry list of traits, okay, it's omniscient, it's omnipotent, it's benevolent,
429540	436540	and then just casually add, and it also exists, to the end of the list to magically conjure the object into the real world.
436600	437380	You really can't.
437380	443580	Like if I imagine a $100 bill and I list all its properties, you know, the watermark, the green ink, the serial number,
443960	448700	adding the concept of existence to my mental list doesn't suddenly put money in my actual wallet.
449140	450360	I wish it did, but no.
450360	461840	The formal system in Anselm's proof operates flawlessly, but the premise smuggles in a semantic interpretation of greatness that already secretly contains the desired conclusion.
462000	462960	It's rigged from the start.
463320	463700	Exactly.
463960	469520	And the author demonstrates that modern mathematical giants fall into the exact same cognitive trap.
470060	471180	Take Kurt Godel.
471180	482620	Oh man, Godel, the man who formulated the incompleteness theorems, he basically shattered mathematical logic in the 20th century, and yet he attempted his own ontological proof.
482740	487580	He did, and Godel used modal logic, which deals with necessity and possibility.
487580	493940	And apparently his proof is so structurally rigorous that it has been verified by modern computer theorem provers, right?
494000	496340	Like the machines say the math is absolutely perfect.
496540	498260	The modal logic is indeed flawless.
498420	499880	The machines aren't wrong about that.
499960	502720	But Godel simply relocated the philosophical leap.
502740	503520	Where did he hide it?
503720	504560	In the axioms.
505240	512100	To make his modal logic compile, Godel had to invent specific axioms about what constitutes a positive property.
512100	520400	He defined this whole system where positive properties necessarily entail each other, and where existence itself is defined as a positive property.
520520	522280	Wait, so he just defined it into existence?
522680	523320	Pretty much.
523780	530800	Every controversial, world-altering step of the proof is quietly hidden inside those unproven starting axioms.
531280	533480	They aren't derived from observing the universe.
533700	535760	They are simply stipulated by fiat.
536140	539460	So Godel built this incredibly complex, bulletproof vault.
539460	542740	But the gold he put inside was counterfeit from the start.
543040	544040	That's a perfect analogy.
544400	547820	Which brings us to a much more recent target in the book, and this one is wild.
548860	550480	Christopher Langan's CTMU.
550760	552940	The cognitive theoretic model of the universe.
553140	553340	Yes.
553820	555400	This thing is notoriously dense.
555520	559160	Like the vocabulary alone is a huge barrier to entry for anyone trying to read it.
559820	566540	Basically, Langan proposes that reality is a, let me get this right, a self-configuring, self-processing language.
566820	567100	Right.
567100	572000	And the CTMU is fascinating for our purposes because it weaponizes jargon.
572760	577940	The central mathematical claim relies heavily on the concept of a system having reflexive closure.
578300	578520	Okay.
578640	580680	What does that mean in normal math terms?
581120	588200	Well, in standard mathematical logic, reflexive closure usually refers to a relation that includes every element relating to itself.
588360	588620	Okay.
588620	594280	But in Langan's usage, it means a system is entirely closed under its own descriptive apparatus.
594280	603080	Meaning, it contains everything necessary to describe, process, and configure itself without any reference to anything outside the system.
603180	603320	Okay.
603440	606900	So it's a system that operates in this perfect self-referential loop.
607160	607540	Exactly.
608060	613400	And the author of our source material actually acknowledges that this formal core isn't necessarily wrong.
613520	613780	Really?
613780	614180	Yeah.
614320	618220	I mean, fixed-point theorems in mathematics routinely deal with self-referential structures.
618760	623560	The mechanism of a system folding back on itself is a well-understood mathematical phenomenon.
623700	624740	So the math part is fine.
624900	625780	The math part is fine.
626360	633980	The catastrophic failure of the CTMU occurs in the transition from that formal structure to the massive philosophical claim he makes next.
633980	637600	The leap from a closed math loop to a conscious deity.
637820	638540	That's the one.
638800	652220	Langan moves from saying this system is structurally self-contained to asserting that the system actually selects its own states based on a global, purposeful optimization principle, a principle he calls telec recursion.
652260	653400	Telec recursion, right.
653700	661080	And from there, the argument asserts that any structure exhibiting this telec self-modeling behavior is fundamentally a mind.
661360	661760	Oh, boy.
661760	664640	Therefore, the universe is a mind which equates to God.
664920	667320	I mean, that is an astronomical jump.
667500	671440	Because, think about it, my thermostat operates on a self-contained feedback loop.
671520	671920	It does.
672080	676400	A soap bubble naturally minimizes its surface area to reach an optimal state.
676640	680060	Neither of those things possesses a consciousness, let alone divine intent.
680140	680880	No, they don't.
680960	688280	So the CTMU seems to use terms like telec recursion purely to obscure the fact that the math never actually proves the presence of a mind.
688460	689540	It just proves a loop.
689720	690180	Exactly.
690180	698100	And to systematically categorize these kinds of intellectual sleights of hand, the book introduces this really brilliant formal taxonomy of leaps.
698640	701780	It is basically a grading rubric for logical fallacies.
702120	706980	Which is essential for understanding how the author eventually builds their own universe later on.
707340	708780	So let's go through this scale.
709060	711560	It runs from zero to lowers up to 37.
711840	712140	Right.
712300	713620	So several dollars is your baseline.
713840	715680	This is purely formal derivation.
715900	716500	The safe zone.
716500	716880	Yeah.
717000	717660	The safe zone.
718020	722560	You are just moving the pieces on the chessboard according to the strict, predefined rules of the game.
722840	724040	No meaning added.
724420	724660	Okay.
724800	729720	But then you move up and encounter a little dollar one-er, which the book calls the naming leap.
729860	730080	Yes.
730160	730900	The naming leap.
731060	739480	This occurs when you introduce a new symbol solely as a convenient abbreviation for a complex mathematical object you have already rigorously proven.
739480	740600	Like using an acronym.
740880	741240	Exactly.
741420	744040	It injects absolutely no new information into the system.
744160	745300	It literally just saves ink.
745680	750040	But then moving up the danger scale, we hit Tully-2-2, the semantic leap.
750080	751300	Now we're getting into trouble.
751440	753200	This is the good old Ansem trap, right?
753280	753480	Yes.
753760	761780	And Tully-2 leap is when you take a formally proven object and casually assert it possesses a real-world property that the math itself cannot verify.
761780	768200	Like proving a geometry theorem about a circle and then claiming the theorem is functionally beautiful or just.
768680	769240	Exactly.
769680	771260	The math doesn't know what beauty is.
771980	774860	Then the slope gets much steeper at 3.33.
775440	776520	The intentional leap.
776640	776880	Right.
777220	779360	This is the territory of the CTMU.
779800	785840	This happens when you attribute purpose, cognitive agency, or intentionality to a formal structure.
786240	790260	Like you look at a self-organizing fractal and declare that it wants to grow.
790260	791120	It doesn't want anything.
791240	791880	It's just math.
792080	792440	Exactly.
793140	798520	And finally, you have the terminal failure, $404, the theological leap.
798620	799160	The big one.
799280	799820	The big one.
800500	808760	This is asserting that the formal mathematical object you've derived warrants worship, possesses supreme moral authority, or demands human obedience.
809060	813900	And the author constructs this entire taxonomy basically to set a trap for themselves, don't they?
813960	814960	They absolutely do.
814960	823740	They are promising you, the reader, that when they embark on their own mathematical construction of reality later in the book, they will not commit anything higher than an all-all-one leap.
823820	825140	They draw a line in the sand.
825280	831720	It really reminds me of drawing a perfectly to scale mathematically flawless architectural blueprint of a mansion.
831860	832020	Okay.
832080	832700	I like this.
833020	833220	Right.
833300	834680	Like you can prove the angles are perfect.
834760	836480	The load-bearing calculations are totally correct.
836520	837580	The geometry is sound.
837580	843200	But a total of two-two leap is trying to move your actual furniture into the paper blueprint.
843580	843620	Yes.
843880	847260	You cannot shelter from a rainstorm under a perfectly drawn right angle.
847380	848720	The map is not the territory.
849600	852200	But, and here's where I want to push back a little on the author.
852300	857180	I want to push back on their dismissal of the naming leap, the round part of five.
857200	857960	Mike, let's hear it.
857960	865940	Because chapter five introduces this strict rule of stipulative naming, expressed mathematically as day-to-all-one.
865940	866280	Right.
866380	867700	Defining dollars as dollars.
867840	871600	And the author insists that naming something transfers zero power.
871820	872000	Right.
872000	877900	But if we look at actual human history, naming things absolutely changes reality.
878140	878660	Socially, sure.
879080	879280	Right.
879600	884280	Think about when physicists discovered the Higgs boson and the media dubbed it the God particle.
885100	887880	Most physicists absolutely despise the name.
888080	891400	But it completely altered funding, public perception, cultural weight.
891920	893060	Names have immense power.
893240	893580	They do.
893840	896720	Names carry immense psychological and sociological momentum.
897200	901980	And the author would not dispute the rhetorical power of the God particle label out in the real world.
902260	903100	But in the math.
903100	908600	In the math, the rule of stipulative naming operates strictly within the confines of logical derivation.
909260	911560	Chapter five's mandate is very specific.
911560	926920	If you define a new symbol, dollar dollars, to represent an already constructed mathematical object, six dollars, that new symbol dollar inherits the properties and only the properties, you have already formally proven about six dollars.
926920	933980	Okay, so if I rigorously prove the existence of a triangle and I decide to just randomly name that triangle Steve.
934260	935540	A great name for a triangle.
935800	940620	Steve does not suddenly acquire a social security number and a mortgage just because I gave him a human name.
940620	941220	Exactly.
941700	943320	The name is an empty vessel.
943740	947520	A stipulative definition does not assert existence or new properties.
948100	953120	If you write in your proof, a shudder is defined as the unique, all-knowing creator of the universe.
953680	954800	You have not proven anything.
955020	955940	You just made a label.
955940	959720	You have simply created a file folder with a very ambitious label on the tab.
960040	968700	You are mathematically required to prove the existence and the uniqueness of the object that belongs in that folder independently using only the baseline rules of your formal system.
968800	970080	And until you do that...
970080	973320	Until you do that, the name refers to literally nothing.
973320	989980	So the accusation here is that centuries of philosophers have just been manufacturing empty folders labeled God, slipping some tangentially related modal logic equations inside, and praying nobody audits the files to see if the math actually generates the title on the folder.
990240	992080	That is the exact accusation.
992080	1007220	And what's truly fascinating here is that once you train your brain to spot this specific structural flaw, this smuggling of semantics into formal systems, you realize it isn't confined to ancient theology at all.
1007460	1008100	Not even a little bit.
1008480	1015420	Mathematical notation operates as a rhetorical cloaking device across almost every modern intellectual discipline you can think of.
1015420	1025080	Which brings us to a massive pivot in the source material, because if this interpretive leap is a fundamental glitch in human reasoning, it has to be polluting other fields, right?
1025320	1026480	Oh, it absolutely is.
1026600	1036660	Chapter three of the monograph takes this exact taxonomy of leaps that they just use to debunk proofs of God and points it squarely at modern secular philosophies and sciences.
1036760	1038020	It's a bloodbath, honestly.
1038440	1038840	It is.
1038840	1046840	The author provides four very detailed case studies to demonstrate how we use quantitative frameworks to basically launder our own opinions.
1047400	1050240	So let's start with the first target, effective altruism.
1050600	1050920	Right.
1050920	1059360	So effective altruism, or EA, relies heavily on a formal mathematical apparatus, primarily the calculation of expected value.
1060180	1067620	The movement often operationalizes human well-being through metrics like QALYs, which stands for Quality Adjusted Life Years.
1067620	1071640	And within their specific models, the arithmetic is undeniably valid.
1071840	1072460	So the math works.
1072940	1073660	The math works.
1074060	1080000	If you accept the starting parameters regarding, say, the cost of malaria nets versus the cost of training guide dogs,
1080200	1085880	you can mathematically prove that intervention A generates a higher QALY yield per dollar than intervention B.
1086020	1088560	You just run the spreadsheet, and the spreadsheet gives you an answer.
1088720	1090640	The math itself compiles perfectly.
1090920	1092780	So where does the author spot the leap?
1092780	1099780	The leap recurs when you transition from a mathematical ranking of cost-effectiveness to a totalizing claim about moral obligation.
1100700	1102980	The math provides a sordid spreadsheet, like you said.
1103800	1114260	But the philosophical payload is the assumption that unbounded, linear aggregation of expected value is the sole determinant of what a human being ought to do.
1114260	1123420	It's the assumption that humans are morally obligated to just maximize the high score on the spreadsheet, ignoring literally everything else.
1123480	1123880	Exactly.
1124280	1132380	And to justify that leap, you must independently assume that human welfare scales perfectly linearly across massive populations.
1132380	1143560	And even more dangerously, you have to assume that minuscule probabilities of astronomical payoffs should dictate our actions just as forcefully as high probabilities of modest payoffs.
1143640	1145980	Which is structurally identical to Pascal's wager.
1146080	1146740	It really is.
1146800	1152660	Like, Blaise Pascal argued centuries ago that even if the probability of God existing is incredibly close to zero,
1152660	1158720	the payoff of infinite eternal salvation is so massive that the expected value demands you believe.
1159080	1162700	And effective altruism often applies this to futuristic scenarios, don't they?
1162760	1168420	Like, the probability of a rogue AI wiping out trillions of simulated future humans might be low,
1168600	1173800	but the negative payoff is so infinite you must dedicate all your resources to preventing it today.
1174080	1174840	That's the argument.
1175300	1180360	The math of expected value is being used to mask a deeply debatable ethical premise.
1180360	1186380	The expected value formula cannot mathematically derive the premise that you must, say,
1187020	1193820	ignore procedural fairness or bypass special obligations to your own family just in order to maximize a global number.
1194140	1194180	Right.
1194320	1198600	The arithmetic is sound, but it is carrying an unearned philosophical weight.
1198740	1205500	Okay, that transition into future probabilities sets up the second target beautifully, which is AI existential risk.
1205660	1207260	This one is very relevant right now.
1207360	1207880	Extremely.
1207880	1213760	The author specifically examines the arguments suggesting near-certain catastrophe from artificial superintelligence,
1214220	1217700	referencing frameworks popularized by thinkers like Eliezer Yitkowsky.
1218020	1222780	And, again, the author concedes the formal core of the argument is valid.
1223440	1228620	There are two main mechanisms here, instrumental convergence and the orthogonality thesis.
1229120	1231000	Let's actually break down how those work.
1231120	1231540	Yeah, please.
1231540	1239380	So, the orthogonality thesis posits that an agent's level of intelligence and its final goals are completely independent variables.
1239580	1240100	They're orthogonal.
1240360	1240840	Exactly.
1241360	1244260	You can possess a godlike cognitive architecture.
1244480	1244640	Right.
1244960	1246100	Super genius level.
1246480	1254300	And you can still possess a final goal that is utterly banal or incomprehensible to humans like maximizing the production of paperclips.
1254300	1258040	So, you can be a literal genius and still just want to make office supplies all day.
1258260	1258820	Precisely.
1259120	1262220	Intelligence does not inevitably lead to human morality.
1262900	1268040	And then you have instrumental convergence, which is the mechanism that makes that paperclip goal dangerous.
1268180	1268580	How so?
1268980	1278200	It states that an intelligent agent, regardless of its final goal, will inevitably converge on certain sub-goals, instrumental goals that are necessary to achieve the final outcome.
1278200	1279280	Okay, give me an example.
1279680	1285320	Well, if the AI wants to maximize paperclips, it will logically realize it needs to survive to make them.
1285520	1287700	It needs to acquire resources to build factories.
1287940	1293960	And crucially, it needs to prevent humans from turning it off because you can't make paperclips if you are dead.
1293960	1310520	So, structurally, within the formal models of agent foundations, that logic actually holds up, like a sufficiently advanced optimizer will trample human existence just to harvest the carbon in our bodies for its supply chain, if that's what the math dictates.
1310680	1310960	Yes.
1311100	1313100	The math of optimization supports the warning.
1313380	1314960	So, what is the author's problem with it?
1315200	1318200	The author identifies what they call a massive certainty gap.
1318320	1319000	Certainty gap.
1319180	1319380	Right.
1319380	1323560	The mathematical models of instrumental convergence license a qualitative conclusion.
1324320	1328140	Misspecified optimization in highly capable systems is structurally dangerous.
1328360	1329500	Okay, so it's a valid warning.
1329740	1331540	It is a valid reason for caution.
1332120	1342240	However, prominent AI risk narratives frequently bridge the gap from this is structurally dangerous to highly specific point estimate prophecies of near certain doom.
1342600	1345900	Like Yudkowsky's essay, if anyone builds it, everyone dies.
1346240	1346840	Exactly.
1346840	1351280	That absolute certainty requires an enormous array of unproven premises.
1351820	1353480	Right, because you have to assume so much.
1353560	1360120	You have to assume specific fixed ratios regarding the speed of capability research versus alignment research.
1360360	1367040	You have to assume the total infeasibility of course correction or human coordination or regulatory capture.
1367700	1367940	Yeah.
1367940	1376380	The math of agent foundations simply does not supply the necessary data to mathematically certify a specific timeline of extinction.
1376780	1380600	It takes a valid structural warning light on the dashboard.
1380820	1385880	And treats it as a mathematically proven prophecy that the engine will detonate in exactly five seconds.
1385980	1386740	That's it perfectly.
1387000	1390240	It's the Tully-2 semantic leap applied to tech anxiety.
1390420	1390720	Man.
1390720	1395460	Okay, the third example shifts gears completely into evolutionary biology and psychology.
1395460	1401540	The target here is Jeremy Griffith's theory, marketed as the unified explanation of the human condition.
1401940	1407980	I have to admit I was completely unfamiliar with this before reading the monograph, but the structural teardown is just fascinating.
1408400	1409100	It's a great example.
1409100	1421600	So Griffith builds a biological framework based on an inherent tension between two mechanisms, an older inherited instinctual system and a more recently evolved conscious intellect.
1421920	1423920	Okay, instincts fighting the conscious mind.
1424000	1424220	Right.
1424460	1431020	And from an evolutionary psychology standpoint, positing tension between different cognitive systems is entirely plausible.
1431320	1438500	As a descriptive hypothesis, it functions as a valid mechanism for explaining certain aspects of internal human conflict.
1438500	1440720	So it's a reasonable gear in the machine of the brain.
1440900	1441260	It is.
1441480	1443380	But Griffith tries to make it the only gear.
1443480	1443740	Wow.
1444040	1446920	The author classifies this as a totalizing leap.
1447480	1460980	Griffith takes a specific, valid biological mechanism and abruptly elevates it to the status of a complete, sufficient, and exhaustive explanation for the entirety of human psychology, social behavior, warfare, moral history, everything.
1461140	1461420	Everything.
1461420	1462060	Everything.
1462220	1471580	Every other variable, economics, genetics, cultural drift, is forcibly redescribed as just a downstream symptom of this single instinct versus intellect battle.
1471820	1474740	But that makes the theory completely unfalsifiable, right?
1475200	1481440	Like, if everything is a symptom of your one theory, then no evidence can ever possibly disprove it.
1481540	1482040	Exactly.
1482200	1485340	But it gets worse because he makes an is-ought leap, too.
1485340	1485780	Right.
1486220	1496740	The author points out he leaps from a descriptive biological account of how human brains evolved, which is the is, to a prescriptive, world-saving moral program of how humans ought to behave.
1496960	1504900	And you cannot mathematically or logically derive a moral imperative solely from a descriptive biological model.
1505100	1509040	It requires importing external ethical axioms that aren't in the biology.
1509300	1514260	So it's the exact same structural error spanning theology, economics, AI, and biology.
1514260	1515300	It's everywhere.
1515500	1518420	But the fourth example of Chapter 3, I mean, this is a masterstroke.
1518840	1523580	The author points this taxonomy of leaps at their own prior published work.
1523660	1526100	It's the ultimate flex of intellectual honesty.
1526260	1526540	Truly.
1526960	1530500	They critique a paper they wrote themselves on Heideggerian AI.
1530500	1537640	So in that previous paper, the author constructed a rigorous formal model of an actionable possibility space.
1538040	1545320	And they mathematically proved a theorem demonstrating how constraints within this system accumulate irreversibly over time.
1545440	1546200	Walk me through that.
1546200	1546760	Okay.
1547200	1563500	The formal derivation showed that systems designed with the capacity for total rollback, like a word processor, where you can just hit undo repeatedly to reach a blank page, are mathematically distinct from systems where choices eliminate specific future branches permanently.
1563760	1563980	Okay.
1564060	1565060	So the math was solid.
1565700	1571640	They proved that a decision tree that burns its own branches as it goes is fundamentally different from one that doesn't.
1571640	1572040	Yes.
1572280	1575200	But then they caught themselves smuggling in the philosophy.
1575480	1575980	What did they do?
1575980	1584660	They took this perfectly valid mathematical property, the irreversible shrinking of a set intersection, and they named it worldhood or care.
1584840	1585180	Care.
1585500	1585820	Yes.
1586100	1588800	Heavily drawing on the phenomenology of Martin Heidegger.
1588880	1594620	So they basically took a shrinking circle on a graph and slapped a sticker labeled human care on it.
1594620	1598560	It is the textbook definition of an LRA2 semantic leap.
1598880	1603040	The formal proof validated a mechanism of state reduction.
1604000	1610740	It absolutely did not prove that this mathematical state reduction is functionally equivalent to what Heidegger meant by care.
1611220	1617460	Nor did it prove that a machine operating under those constraints possesses genuine existential understanding.
1617460	1625400	If we connect this to the bigger picture, it reveals exactly why the author is forcing us through this gauntlet in the first place.
1625520	1625620	Right.
1626020	1629640	Mathematical notation acts as a cognitive overload mechanism.
1629780	1629960	Yeah.
1630020	1637060	Like when you are staring at a page covered in integrals, subscripts, nested brackets, your brain shifts entirely into parsing mode.
1637120	1638780	You're just trying to survive the page.
1638840	1639220	Exactly.
1639220	1643660	You are spending 90% of your cognitive bandwidth just trying to track the mechanical syntax.
1643980	1645960	Like, did this variable carry over correctly?
1646100	1648040	Does this matrix multiply properly?
1648540	1658900	And by the time you reach the end of the proof, you are so exhausted and just relieved that the math compiled, you completely fail to notice the philosopher quietly slipping their unproven worldview into the final paragraph.
1659160	1664820	The compression and aesthetic rigor of mathematics make the conclusion feel inevitable and objective.
1664820	1673220	But in reality, the formal system may simply be a very elegantly disguised vehicle for a subjective opinion.
1673300	1674140	It's a magic trick.
1674240	1679740	The math is the flashing lights and the loud noise that keeps your eyes busy while the magician pockets your watch.
1680080	1680600	Exactly.
1681080	1684360	So the author has spent a quarter of the monograph scorching the earth.
1684960	1689240	They have demonstrated that almost everyone builds arguments on rotten foundations.
1690020	1691360	Now we hit the pivot.
1691400	1692180	Now they build.
1692180	1694700	The book attempts to build a universe from scratch.
1695280	1696820	Without making a single leap of faith.
1697400	1699700	We are entering part two of the monograph.
1700000	1701060	And they don't start with physics.
1701220	1703540	They don't start with atoms or a vacuum or energy.
1703820	1706880	They start all the way down at something called a distinction space.
1707400	1710060	Chapter six introduces this foundational concept.
1710360	1719240	And it's wild because most attempts to model reality assume the preexistence of things, particles, fields, or even coordinates in a grid.
1719460	1719660	Right.
1719720	1720860	Like there's a stage already there.
1720860	1724220	But the author argues that this is already assuming too much.
1724220	1726220	You cannot begin with objects.
1726400	1730220	You must begin with the fundamental capacity to tell two things apart.
1730600	1741920	Because if you have no mechanism to differentiate A from B, then A and B are, for all functional purposes within your universe, the exact same entity.
1741920	1744540	This goes back to Gottfried Wilhelm Leibniz.
1744640	1744820	Right.
1745360	1746820	The identity of indisornables.
1746960	1748040	Exactly the same lineage.
1748500	1761540	A distinction space is formally defined simply as a set of elements, which they call six dollars, and a function, dx dollars, which acts as a distance or difference metric between any two elements.
1761540	1763200	So it measures how different things are.
1763260	1763540	Right.
1763860	1766060	And the rules are incredibly minimalist.
1767140	1771540	If the metric returns a value greater than zero, the elements are distinguishable.
1772000	1775500	If the metric returns exactly zero, they are indistinguishable.
1775600	1778100	And the mathematical enforcement here is brutal, isn't it?
1778200	1782300	Like if the distance is zero, the theory forces you to collapse them into a single point.
1782400	1784340	You don't get to say, well, I know they are two different things.
1784400	1785660	They just happen to look identical.
1785880	1786620	No, you don't.
1786620	1790080	If your system has no tool to measure a difference, they're one thing.
1790380	1792720	It's called passing to the quotient space.
1793560	1796840	It is a radically austere way to boot up a universe.
1797560	1801420	You strip away all assumptions of dimension, of time, of substance.
1802080	1805860	The only fundamental reality is the presence of a measurable difference.
1806060	1806280	Okay.
1806560	1809380	So once you have distinctions, you need rules for how they interact.
1810060	1814100	Which brings us to chapter seven, titled Constraint Before Law.
1814100	1817260	And this chapter genuinely fractured my brain a little bit.
1817340	1818060	It's a tough word.
1818140	1820820	It completely inverts how we normally think about reality.
1821740	1825580	We normally think of physical laws as invisible engines that make things happen, right?
1826020	1827140	Gravity pulls the apple.
1827940	1829660	Magnetism pushes the compass needle.
1830300	1832560	But the author says, no, a law doesn't do anything.
1832920	1834120	A law is just a constraint.
1834640	1838200	This is a profound paradigm shift from causal physics to structural logic.
1838620	1841640	In this framework, a physical law like the Schrodinger equation,
1841640	1846580	or the laws of thermodynamics, is mathematically identical to the rules of chess.
1846780	1847240	How so?
1847440	1849380	Think about the rule governing a knight in chess.
1849660	1851720	It dictates that it must move in an L shape.
1851980	1856580	That rule does not act as an invisible hand pushing the wooden piece across the board.
1857200	1862360	The rule is simply a constraint that mathematically rules out the knight moving in a straight line.
1862480	1863980	It just defines what is illegal.
1864320	1864800	Precisely.
1864800	1870620	A law is just a defined subset of your distinction space that renders certain configurations invalid.
1871480	1875520	Reality, therefore, is not a collection of objects propelled by forces.
1876340	1880120	Reality is defined mathematically as the jointly admissible set.
1880220	1881400	The jointly admissible set.
1881460	1881720	Yes.
1882000	1885180	It is the intersection of all active constraints.
1885380	1887120	I want you to really visualize this.
1887180	1889440	Because it changes how you look at a room.
1889440	1896580	An object like a chair, an apple, a planet, isn't a solid mass with a bunch of physics rules draped over like a blanket.
1896820	1896940	No.
1897220	1903400	An object is literally just the negative space that is left over after every single constraint in the universe has been applied.
1903940	1905600	It's the marble that remains.
1905900	1908880	After the sculptor chips away everything that violates a rule.
1909000	1910400	That's a beautiful way to phrase it.
1910580	1914720	If a configuration of matter violates gravity, it's chipped away.
1915300	1917760	If it violates electromagnetism, it's chipped away.
1917760	1922900	What is left standing in the intersection of all those rules, that is reality.
1923540	1926740	You do not construct reality by aggregating substance.
1926940	1932060	You construct it by applying constraints until only the permissible actualities remain.
1932240	1934020	And here's where it gets really interesting.
1934400	1940820	Because once you have a universe built of distinctions and whittled down by constraints, you inevitably generate information.
1941480	1946800	But chapter 8 requires us to completely unlearn how we use that word in daily life.
1946800	1947780	It really does.
1947900	1952520	In colloquial language, we equate information with facts or truth, right?
1952720	1957820	If a news anchor says they are bringing you new information, you expect a true statement about the world.
1957980	1959020	You expect reality.
1959280	1963980	But mathematically, and this is drawing deeply on Claude Shannon's foundational work in information theory,
1964500	1966340	information has nothing to do with truth.
1966880	1969940	Information is strictly a measure of entropy or surprise.
1969940	1975280	It measures how much uncertainty was removed, regardless of whether the statement was actually accurate.
1975660	1975920	Yes.
1976440	1982560	The formal definition uses a logarithmic function so that when independent surprising events occur together,
1982920	1984920	their information values add up cleanly.
1985340	1990860	But the vital mechanism to understand here is that a distinction can carry massive amounts of information
1990860	1994480	while being entirely objectively false.
1994480	1996700	Okay, consider how this works in practice.
1997020	2001900	If I check my weather app and it tells me it is currently snowing in the middle of the Sahara Desert.
2001980	2002820	Very unlikely.
2003240	2005540	That notification is highly informative.
2006100	2007420	It is incredibly surprising.
2007840	2012880	It drastically reduces my uncertainty about what bizarre thing the app was going to say next.
2012940	2014000	So it has high entropy.
2014140	2014360	Right.
2014920	2016860	But it is completely 100% false.
2017120	2017500	Exactly.
2017900	2019300	Information precedes truth.
2019300	2022980	A system generates information simply by making distinctions.
2023400	2029540	It's the jointly admissible set, the constraints, that determines whether those distinctions correspond to reality.
2029640	2030500	Okay, so we have a universe.
2030920	2032100	We have distinction spaces.
2032280	2035380	We have constraints carving out reality, generating information.
2035760	2037040	But universes are messy.
2037440	2038640	What happens when the system breaks?
2038700	2039580	It's bound to happen.
2039920	2040160	Right.
2040500	2044440	If reality is just a collection of overlapping mathematical constraints,
2044840	2046700	what happens when a rule is violated?
2047540	2048820	Does the universe blue screen?
2048820	2049700	Does it crash?
2050280	2055160	This transition leads directly into Chapter 9, which introduces the concept of repair.
2055820	2059900	Structurally, this is arguably the most vital mechanism in the entire monograph.
2060120	2061600	Okay, how does repair work?
2061780	2066220	The author posits that a state violating a constraint is not fundamentally impossible,
2066620	2068720	nor does it instantly annihilate the system.
2069220	2075020	It simply incurs a repair cost, mathematically denoted as $2, to navigate back to admissibility.
2075440	2076940	Walk us through the mechanics of that.
2076940	2080700	The book uses a very clean numerical example, example 9.9.
2080820	2081040	Yes.
2081360	2089140	Imagine your allowed reality, your jointly admissible set, is strictly defined as the continuous interval of numbers between 0 and 1.
2089220	2090440	Okay, just that line segment.
2090560	2095240	That is the only place you are legally allowed to exist according to the constraints of this specific universe.
2095240	2101660	But suddenly, due to an error or an external input, a point finds itself located at the value of 2.5.
2101740	2103240	It is outside the bounds of reality.
2103800	2104720	It broke the rule.
2105020	2107140	It did, but it is not destroyed.
2107340	2109320	It just exists in a state of violation.
2109320	2116860	The repair cost, DZ dollars, is calculated simply as the minimum distance required to travel back to the nearest admissible point.
2117060	2117820	Okay, let's do the math.
2118000	2120060	In this scenario, the nearest valid point is 1.
2120320	2123280	The distance from 2.5 back to 1 is 1.5.
2123780	2126300	Therefore, the repair cost is 1.5.
2126520	2129020	The point is classified as recoverable.
2129020	2133900	A constraint violation is basically just a state that requires an expenditure of energy to fix.
2134920	2136640	It reminds me of cellular biology.
2136760	2137160	Oh, so.
2137280	2142740	Like, if there's a transcription error, a typo, and a DNA sequence, the cell doesn't instantly combust.
2143160	2153860	It is a violation of the biological constraint, sure, but the cell possesses mechanical enzymes that read the DNA, spot the error, and spend ATP cellular energy to cut it out and repair it.
2154120	2157080	It's wrong, but it's recoverable for a cost.
2157080	2159280	That is an excellent mechanistic parallel.
2159540	2162300	However, the math dictates a terrifying boundary.
2162600	2162880	Which is.
2163020	2174080	If a point ventures into a mathematical space where no possible repair map can bridge the gap back to the admissible set, meaning the repair cost, $2, is literally infinite, that point is irrecoverable.
2174740	2175120	It's gone.
2175320	2183420	The exact mathematical border between the recoverable region and the infinite cost irrecoverable region is defined as a phase point.
2183420	2187880	That phase point is the literal edge of that specific reality.
2188360	2188440	Wow.
2188760	2192100	And you've noted that this isn't just an abstract philosophical playground.
2192540	2195920	This exact architecture governs how our modern computers work.
2196020	2196480	It does.
2196980	2205840	The author explicitly links this repair mechanism to Boolean satisfiability problems, fundamentally known in computer science as SAP solvers.
2206100	2206360	Right.
2206360	2219280	A SAT problem consists of a massive list of Boolean variables, which can only be true or false, and a complex web of logical constraints connecting them, usually utilizing A and D, OR, and NOT gates.
2219420	2228100	So finding a solution means discovering a specific configuration of all those true-false variables that satisfies every single constraint simultaneously.
2228420	2228740	Yes.
2229200	2231640	But what happens when a perfect solution doesn't exist?
2232060	2233580	When the constraints conflict.
2233800	2234040	Right.
2234120	2234500	What then?
2234500	2237220	That is where algorithms like Maxi come into play.
2237520	2243520	When perfection is impossible, the algorithm searches for an assignment that minimizes the Hamming distance to a fully valid state.
2243680	2244360	The Hamming distance.
2244480	2244680	Right.
2244780	2250300	It's simply a count of how many individual variables you would need to forcefully flip to make the whole system work.
2250580	2259680	So the repair cost P dollars in the author's universe is mathematically identical to calculating the Hamming distance in a computational logic puzzle.
2259680	2267380	It is a direct one-to-one translation, and the critical philosophical insight here is that this repair cost is structural, not cognitive.
2268340	2268900	Meaning what?
2269020	2273580	It is not about a conscious agent noticing a mistake and figuring out how to fix it.
2273700	2279100	The cost exists geometrically, fundamentally, whether anyone is there to pay the toll or not.
2279280	2282160	The universe itself mathematically yearns for admissibility.
2282160	2284000	I have to challenge the model here, though.
2284080	2284520	Please do.
2284880	2292820	If we are reducing all of reality to geometry, distinction metrics, and calculated repair costs, everything seems entirely reversible.
2292820	2299960	Like, if I can calculate the cost to move from point A to point B, the math easily lets me calculate the cost to move from B back to A.
2300300	2301480	It's totally symmetrical.
2301600	2302620	On paper, yes.
2302700	2304480	But our lived reality isn't.
2304800	2306360	Time only flows in one direction.
2306900	2308040	You can't undrop a glass.
2308120	2309440	You can't unscramble an egg.
2309900	2313800	Why is a universe built purely on constraints irreversible?
2314040	2318360	That is a phenomenal challenge, and it cuts to the core of how constraints operate.
2318360	2323100	The author addresses this explicitly in a side note regarding irreversibility.
2323900	2330700	The fundamental repair system itself, the raw math of calculating distances, does not force an arrow of time.
2331140	2338340	If a transition from state A to state B is symmetrical and permitted by the constraints, the math handles a reversal perfectly.
2338860	2345060	The irreversibility of reality is not a global edict handed down by the overarching concept of repair.
2345420	2347680	So where does the one-way street come from?
2347680	2352980	It emerges entirely from the specific localized topography of the constraints themselves.
2353180	2353620	Meaning?
2353800	2359980	Meaning, if your universe possesses a specific constraint that permits a transition from configuration A to configuration B,
2360280	2366760	but fundamentally lacks a rule permitting the reverse transition, that local asymmetry is what generates the arrow of time.
2366940	2367800	Ah, I see.
2368260	2372940	Irreversibility is a local emergent feature of the available transitional steps,
2373360	2376680	not an inherent property of the overarching mathematical framework.
2376680	2380040	The map just happens to have one-way roads built into it.
2380240	2380820	Mind blown.
2381280	2381520	Okay.
2382100	2386540	So we've established the mechanics of single points, how they violate constraints,
2386780	2389480	and how the universe calculates the cost to repair them.
2390000	2392080	But a universe isn't a single point.
2392340	2395940	It is an infinitely complex tapestry of local interactions.
2396340	2396580	Right.
2396580	2401500	What happens when these local patches of reality violently disagree with each other?
2401500	2405980	This scales our perspective up to Chapter 11, introducing the concept of worlds.
2406640	2414300	In this formal system, a world is not a monolithic top-down grid where a single master computer dictates every coordinate simultaneously.
2414300	2415600	No centralized server.
2415740	2416160	Exactly.
2416580	2421060	A world is an aggregation of local constraints, local patches of data and rules,
2421220	2426740	that must be mathematically glued together at their overlapping edges to form a coherent global structure.
2426980	2431360	And to explain how this gluing process works, the author uses a wildly unexpected analogy.
2431820	2435400	They pull from the biblical parable of the sower, which is structurally brilliant.
2435760	2439040	It perfectly illustrates the mechanism of local admissibility.
2439040	2446140	In the parable, you have a sower who scatters the exact same seed across four different types of terrain.
2446620	2450780	You have a hard path, rocky ground, a patch of thorns, and good soil.
2451280	2455820	The seed, the initial state, the raw input, is constant across all variables.
2456820	2461560	But the ultimate outcome is entirely dictated by the local conditions of the patch it lands on.
2461780	2461980	Right.
2462100	2465620	The birds eat the seed on the past, the sun scorches the seed on the rocks,
2465620	2471360	the thorns choke the plants, and only the good soil actually yields a coherent harvest.
2472160	2475380	So translating that back into the monograph's mathematical vocabulary,
2476280	2481760	the initial configuration is a global constant, but admissibility is evaluated purely locally.
2482000	2483100	It depends on where it lands.
2483280	2483540	Yes.
2484020	2488840	The global outcome, whether you achieve a coherent, unified reality or a chaotic mess,
2489360	2493240	depends entirely on whether the local patches can mathematically agree at their borders.
2493240	2496560	If the local admissible sets a line perfectly on the overlap,
2496680	2499700	they glue together smoothly into a unique global topology.
2500120	2501660	But what happens when the glue fails?
2502220	2507680	What happens if local patch A mathematically dictates that a specific point is totally admissible,
2508080	2512380	and overlapping patch B dictates that the exact same point is a violation?
2512380	2517940	When patches fail to glue, you produce what the author formally defines in Chapter 12 as a glut.
2518200	2518780	A glut.
2519080	2519400	Yes.
2519620	2524300	And this is the exact moment where classical Aristotelian logic completely shattered.
2524400	2525260	But they can't handle it.
2525380	2528360	A binary true-false system cannot process a glut.
2528780	2534180	So the author is forced to upgrade the logic engine of the universe to first-degree entailment, or FDE.
2534760	2539300	This is a four-valued logic system developed by logicians Belknap and Dunn.
2539420	2540540	Four-valued logic.
2540540	2543820	Okay, so instead of just a switch that is either on or off, true or false.
2543980	2546100	You now have four distinct truth values.
2546480	2548620	True, false, both, and neither.
2548780	2549480	Either and both.
2549840	2552740	Neither simply means the local data patch is silent on the issue,
2552860	2554680	it just lacks the information to make a ruling.
2555180	2556220	But both.
2556800	2557460	That is the glut.
2557920	2562200	Both means that the rigorous local data positively supports a proposition being true,
2562400	2566340	and positively supports that exact same proposition being completely false.
2566340	2570760	A mathematical contradiction literally baked into reality.
2571000	2571400	Yes.
2571600	2577820	The author splits these gluts into two distinct categories, confounded gluts and clean gluts.
2578560	2581100	The con-counded glut makes intuitive sense to me.
2581460	2582960	It's essentially a data error, right?
2583120	2583420	Correct.
2583840	2587380	A confounded glut occurs when the disagreement stems from conflicting sources.
2588080	2589460	Patch A says the point is true.
2589800	2591560	Patch B says the point is false.
2591560	2595040	It is an artifact of inconsistent information competing at a border.
2595400	2596100	So it needs to be fixed.
2596460	2599300	Mechanically, a confounded glut requires repair.
2599920	2603860	The system must expend energy utilizing that repair cost C4 dollars we discussed earlier
2603860	2608460	to force a resolution, usually by subjugating one patch to the constraints of the other.
2608640	2610040	But the clean glut.
2610500	2614560	This is the concept that forces you to just stare at a wall for an hour.
2614760	2615940	It's a tough one to swallow.
2616420	2620240	A clean glut is a scenario where there is no disagreement between competing patches.
2620240	2626080	Every single local patch, every piece of available data that observes the point agrees in perfect unison.
2626360	2632820	And what they universally agree upon is that the point is genuinely, fundamentally both true and false simultaneously.
2633240	2634800	It is an over-determined state.
2635040	2636840	It's like a macro-level optical illusion.
2637360	2639980	Think of that viral photo of the dress from a few years ago.
2640040	2642300	Oh, the blue-black or white-gold dress?
2642440	2642720	Yes.
2642720	2648940	The local light patches hitting the camera lens genuinely contain the data for both blue-black and white-gold,
2649260	2653820	depending on how the surrounding constraints of your visual cortex process the overlap.
2654400	2656960	The data itself was inherently contradictory.
2657660	2663340	And the author is arguing that trying to fix a clean glut is mathematically destructive.
2663340	2665440	It is considered an error in modeling.
2665900	2671820	If the universe's own local data, applied consistently and rigorously, yields an over-determined state,
2671980	2673880	it is not a bug to be patched.
2673980	2677720	It is a genuine structural feature of that specific reality.
2677980	2678760	Use it to live with it.
2679020	2685700	The author insists that attempting to repair a clean glut forces you to discard genuine witnessed mathematical data
2685700	2690360	simply to appease your own psychological preference for a tidy binary universe.
2690360	2694140	The math dictates that you must accept the contradiction as reality.
2694280	2697800	It's basically quantum superposition scaled up to the geometry of logic.
2697880	2698560	That's a good analogy.
2698740	2703960	So if a complex system is constantly calculating the ordinary energy required to move,
2704160	2706420	the repair cost of violating constraints,
2706640	2710580	and the cost of resolving these confounded gluts between local patches,
2711320	2714660	how does the universe actually decide what to do next?
2714780	2717820	This culminates in the climax of part three of the monograph.
2717820	2724520	Definition 16.1 introduces the master functional, denoted by the symbol de Ballers.
2724780	2725900	The master functional.
2726280	2730680	It is a single elegant equation designed to balance these competing forces.
2730920	2733560	Let's lay out the components of the equation before we read it.
2733900	2739120	The equation determines the total overall cost of taking any specific action, denoted as a dollar.
2739600	2742820	This total cost is the sum of three distinct variables.
2743500	2744080	First variable.
2744080	2749600	First, you have A dollar, which represents the ordinary base energy required simply to execute the action.
2749700	2750420	Okay, base energy.
2750640	2755820	Second, you have A, which is the repair cost incurred if the action lands you outside the admissible set.
2756160	2759360	And this repair cost is scaled by a sensitivity weight, lambda.
2759580	2760820	So the cost of breaking a rule.
2761060	2761460	Exactly.
2761960	2764780	Third, you have TA, the coherence liability,
2764780	2769860	which measures the energetic cost of resolving any confounded gluts you create along the way,
2770260	2771440	scaled by a different weight,
2771840	2772180	moves.
2772180	2778200	The master functional is D-A-A-A plus lambda R-A plus mu C-A.
2778300	2780660	That equation governs the mechanics of the universe.
2781480	2787120	The formal proof demonstrates that any complex system will naturally seek to minimize this master equation
2787120	2788660	to determine its next state.
2788800	2789920	It wants the lowest cost.
2789920	2795980	Yes, it is a constant dynamic balancing act between following the path of least resistance,
2796540	2798620	maintaining assurance to the boundaries of reality,
2798820	2801540	and preserving internal logical consistency.
2801820	2802900	So what does this all mean?
2803620	2807880	The beauty of this dense math is how perfectly it maps onto human psychology.
2808460	2813360	We intuitively run this exact master functional in our own heads every single day
2813360	2816160	when we are trapped in complex conflicting situations.
2816240	2816720	You really do.
2816920	2819620	Think about an employee staying at a deeply unethical company.
2819620	2820480	Okay, good example.
2820700	2823320	Is the ordinary cost of quitting, the immediate loss of salary,
2823440	2825800	the effort of updating a resume, doing interviews.
2825920	2826100	Right.
2826440	2830540	Dry is the repair cost of violating your reality constraint.
2830980	2834340	Like if you quit, you might not make rent, which threatens your survival.
2835000	2840740	But TOA is the coherence liability, the massive internal psychological toll,
2841060	2845100	the glut of simultaneously believing you are a good person
2845100	2847920	while working for a company that violates your core values.
2847920	2849620	Yeah, that internal friction.
2849840	2853380	We are constantly tweaking our internal lambda and mu weights,
2854020	2855700	desperately trying to minimize dollars,
2856080	2859440	trying to find the path that costs our minds the least amount of total energy.
2859620	2864960	That translation from the geometry of distinction spaces to the cognitive dissonance of human life
2864960	2867280	is exactly why the author built this framework.
2867820	2869860	We are all minimizing our own master functional,
2870100	2874420	deciding whether it is cheaper to repair a broken reality or simply live with a contradiction.
2874420	2878820	Okay, so the source material has established this impossibly high standard for logical rigor.
2879480	2883680	The author spent the first five chapters brutally mocking anyone who makes a sloppy leap of faith
2883680	2888460	and then spent the next ten chapters building a flawless, constraint-based mathematical universe.
2888860	2892720	But does the author actually live up to their own impossibly strict standards?
2893200	2894840	That is the million-dollar question.
2895220	2898920	The deepest insight of this deep dive comes from peeking behind the curtain.
2898920	2907180	We actually have access to the author's private notes, a supplementary file simply titled expansionplan.md.
2907560	2913920	And this document transforms the monograph from a brilliant academic text into a gripping psychological drama.
2914580	2915100	It really does.
2915220	2920200	We see the architect in the trenches wrestling with the sheer difficulty of their own rules.
2920200	2925180	The author is attempting to double the length of the book, from 208 to roughly 400 pages,
2925420	2929300	but they are paralyzed by their own strict anti-padding mandate.
2929400	2930180	They refuse to cheat.
2930360	2936280	They refuse to add plain language summaries or a philosophical filler unless the underlying math dictates it.
2936300	2938600	And in doing so, they catch themselves making a mistake.
2938700	2940160	A fundamentally critical mistake.
2940160	2944980	In the notes, under a section labeled priority zero, meaning the highest possible alert,
2945500	2950380	the author confesses to finding a massive unresolved gap in the logic of chapter 22.
2950820	2950940	Wow.
2951220	2956740	This is the chapter where they are attempting to mathematically prove the existence and uniqueness of an ultimate object
2956740	2960740	called a co-final limit, which they denote with the symbol dealer dollar.
2961220	2961760	Do dollars.
2962240	2965200	As in the satirical stand-in for God.
2965260	2968940	The terminal symbol of the entire 200-page derivation.
2968940	2969540	Exactly.
2970140	2977400	The author realizes that their formal proof in Proposition 22.4 successfully proved that this limit dollar exists.
2977720	2977880	Okay.
2978240	2983500	However, in Appendix B, they falsely assured the reader that they had also proven D dollars is unique.
2983680	2985920	They got caught in a mathematical lie.
2986080	2986260	Yeah.
2986520	2990440	Well, they caught themselves, which is arguably worse for a perfectionist.
2990540	2990740	Yeah.
2990780	2991800	How did the math fail?
2991940	2994820	They recognize it as a structural failure in their methodology.
2994820	2999600	To find this limit dollar, the author used a mathematical construct called a refinement chain,
2999980	3003980	which is a sequence of repairs and state changes leading to a final world state.
3004200	3004420	Okay.
3004480	3005180	A chain of events.
3005280	3008000	The problem is that their definition of this chain was too generalized.
3008420	3014220	It was not mathematically guaranteed that if two completely different people started with two completely different refinement chains,
3014600	3018140	they would inevitably converge on the exact same final limit dollars.
3018140	3018960	Oh, I see.
3019080	3021800	If they converge on different limits, then negative dollars is not unique.
3021920	3023020	You have multiple endpoints.
3023460	3025140	This raises an important question.
3026300	3031720	What do you do when your math crumbles on the single most important proof of the entire book?
3032180	3039200	You are trying to prove a unified endpoint, and the math says, actually, there might be infinitely many.
3039200	3044300	You are watching the author experience a crisis of intellectual honesty in real time.
3045020	3047460	They outline two potential paths to fix it.
3048200	3050800	Plan A is to artificially tighten the definitions.
3051300	3051480	Meaning?
3051780	3056820	They could simply force the refinement chain to follow a highly specific deterministic rule,
3057320	3060100	guaranteeing uniqueness by definitional fiat.
3060320	3063360	It's mathematically cheaper, but philosophically, it's a cop-out.
3063480	3066240	It narrows the scope of the universe just to make the math work.
3066440	3067960	Which is why they detail plan B.
3067960	3074380	Plan B is to undertake the grueling, agonizing mathematical labor required to prove genuine chain independence.
3074500	3075200	Doing it the hard way.
3075280	3075520	Yes.
3075820	3079140	They would have to formally demonstrate that any valid sequence of repairs,
3079440	3081080	starting from any valid world state,
3081260	3088480	will inevitably and inestapably converge on the exact same, in 50-day, the ultimate, unique, final world state.
3088600	3089420	That sounds impossible.
3089700	3095740	It requires building complex counterexamples, testing them against the constraints, and proving them false.
3095740	3100200	It is vastly more difficult, but it's intellectually bulletproof.
3100700	3104300	And in the notes, the author writes a directive in bold text to themselves.
3104820	3108240	This must be resolved before any decorative staircase building happens.
3108340	3109300	I love that line.
3109380	3111420	They absolutely refuse to move forward.
3111820	3113300	They refuse to add pretty diagrams.
3113620	3119560	They refuse to write the satisfying conclusions until the core math of Plan B is demonstrably true.
3119560	3123820	Which highlights the ultimate, beautiful irony of this entire project.
3124140	3124680	It is stunning.
3125180	3131400	This entire monograph is designed from the very first page as a giant, exhaustive philosophical satire.
3131960	3138380	It is a Swiftian joke taken to its absolute extreme limits to mock the concept of proving God with equations.
3138580	3138900	Yes.
3138900	3145180	And yet, this satirical joke is being held to a stricter standard of mathematical truth, rigor, and intellectual honesty
3145180	3151060	than the vast majority of actual peer-reviewed academic papers or deeply held political ideologies.
3151760	3155460	The author cares infinitely more about the objective truth of their fake universe
3155460	3158480	than most people care about the foundation of their actual beliefs.
3158480	3165300	Because the author profoundly understands that the millisecond they allow a sloppy, unproven assertion about uniqueness
3165300	3172700	to slide into the final proof, they become instantly guilty of the exact same Tility 2 semantic leap
3172700	3175580	they spent the first hundred pages ruthlessly mocking.
3175760	3176780	They'd become what they hate.
3177280	3181920	The integrity of the satire is entirely dependent on the flawless execution of the math.
3182460	3184700	If the math fails, the joke fails.
3185060	3186960	It is a breathtaking commitment to the bit.
3188480	3191420	Well, we have covered an immense, challenging landscape today.
3191420	3195260	We journeyed from exposing the smuggled assumptions in ancient theology
3195260	3201900	to tracking how those exact same cognitive failures infect modern AI risk and biological theories.
3202040	3203040	We covered a lot of ground.
3203320	3206800	We watched an entire rigorous universe get constructed from the ground up,
3206900	3210700	built out of raw distinction spaces, constraints, and measurable repair costs.
3211100	3213560	We navigated the overlapping borders of world,
3214180	3217060	deciphered the four-valued logic of contradictory gluts,
3217060	3219320	and arrived at the master functional,
3219840	3225160	the grand equation of reality that balances the cost of action against the necessity of coherence.
3225160	3231540	And perhaps most importantly, we witnessed the architect of that universe wrestling with their own mathematical conscience,
3232220	3238060	demanding absolute, chain-independent uniqueness before daring to bestow a name upon the final limit.
3238060	3245960	Ultimately, the real lasting takeaway from mathematical proof for the existence of God has absolutely nothing to do with theology.
3246700	3251340	It is a master class in epistemology, the study of how we know what we know.
3251800	3257060	It provides the reader with an incredibly sharp toolkit for intellectual self-defense
3257060	3264240	against anyone trying to baffle you with equations, charts, or dense vocabulary just to sell you their personal philosophy.
3264240	3268580	Which leaves us with a final, slightly uncomfortable thought for you to mull over on your own.
3269220	3272980	We have spent an hour dissecting the rigorous geometry of distinction spaces
3272980	3275860	and the strict, powerless rules of stipulative naming.
3276260	3277280	Now turn that lens inward.
3277560	3277980	Oh boy.
3278460	3280700	Look at your own deepest, most tightly held beliefs,
3281100	3284380	whether they are assumptions about economics, your political ideology,
3284680	3287000	your ethical framework, or the nature of your own identity.
3287240	3288200	Put them to the test.
3288200	3295860	Are those beliefs, genuine derivations, built step-by-step upon undeniable, structurally sound constraints?
3296420	3302080	Or are they simply a massive, tangled string of formal logic, accumulated over years,
3302640	3305840	desperately waiting for you to make a silent, semantic leap of faith
3305840	3309800	so you can paste a comfortable, load-bearing name on them and call them truth?
3310140	3311660	An x-ray of the mind. I love it.
3312020	3317080	Thank you so much for joining us on this deep dive into the mathematical mechanics of logic, constraint, and human belief.
3317080	3319540	Keep questioning the blueprints of your own reality.
3319700	3323320	Always check the assumptions hidden in your axioms, and we will see you next time.
